step,time_s,file,mean_speed_mm_per_s,max_speed_mm_per_s,p95_speed_mm_per_s,relative_L2_one_step_percent,max_difference_one_step_mm_per_s,relative_L2_lag_percent,max_difference_lag_mm_per_s,section_point_count,section_mean_speed_mm_per_s,section_max_speed_mm_per_s,section_relative_L2_one_step_percent,section_relative_L2_lag_percent,section_max_difference_lag_mm_per_s
1,0.125,solution_000001.vtu,4.317610359399149,14.568770155305417,11.227493023628197,nan,nan,nan,nan,494,3.0798662583848824,5.199689511974239,nan,nan,nan
2,0.25,solution_000002.vtu,3.8980509014180575,14.20048487269418,11.60170827042056,15.975984161271978,3.0209712464343688,nan,nan,494,2.880350748282832,5.579205174089734,13.335005714337434,nan,nan
3,0.375,solution_000003.vtu,3.7048562490643984,14.325407909336736,11.590086003668258,8.423892689278683,1.4800872781128098,nan,nan,494,2.780618629100497,5.8654072333025775,7.236424915769283,nan,nan
4,0.5,solution_000004.vtu,3.595129414676043,14.62309846310814,11.59335456042588,5.59539212913705,1.2096029633786485,nan,nan,494,2.7183274860226696,6.080326413781397,5.074685259161596,nan,nan
5,0.625,solution_000005.vtu,3.5261431885048933,14.750021908157448,11.680438221737568,4.279963727643226,1.0522519523301614,nan,nan,494,2.6748996596297148,6.323961859729531,4.149384223049628,nan,nan
6,0.75,solution_000006.vtu,3.480318425912049,15.06669601631084,11.723837132058987,3.5625319228338523,0.906083457160609,nan,nan,494,2.6420655729002114,6.525586095679815,3.771110855471077,nan,nan
7,0.875,solution_000007.vtu,3.449226261422713,15.431440971612076,11.802073653613615,3.1201541297771387,0.8230276057110417,nan,nan,494,2.6155063212075436,6.778001535791944,3.7271705182336228,nan,nan
8,1.0,solution_000008.vtu,3.4283276449790323,15.90540133712409,11.943707206900411,2.8216982707177136,0.8077931876745312,nan,nan,494,2.5928468776876414,7.089111505462809,3.91087203582415,nan,nan
9,1.125,solution_000009.vtu,3.4148794200559585,16.31855166930589,12.00270133740874,2.6058748433407115,0.804169569057206,41.38771384560057,6.7902748256084156,494,2.5728486692180366,7.414956251519376,4.2301063789576006,40.00041743767624,2.6768109867866303
10,1.25,solution_000010.vtu,3.406981812272169,16.699987380850697,12.113319750912783,2.4391278765446263,0.7762571053191056,29.669007970911963,6.197425951984861,494,2.554990864891653,7.752261642730975,4.595240766763594,33.314018995598296,2.6272548225375463
11,1.375,solution_000011.vtu,3.4031291131235593,17.05968882604189,12.216541739810104,2.299118332931859,0.7569480003787227,24.433264560738134,5.853463818231466,494,2.539150785777686,8.091382996322043,4.9255991572936475,31.908959759109262,2.6573032458839445
12,1.5,solution_000012.vtu,3.4021231326372683,17.35713970924748,12.306152849827296,2.168753242261251,0.7381988150345931,21.458609577582354,5.792273473719042,494,2.525307714306134,8.453185932286456,5.15753020964272,32.39620521246649,2.854500645791157
13,1.625,solution_000013.vtu,3.4029787823152273,17.595734249710297,12.437083741507148,2.0356319983042073,0.7062500599963231,19.4852461798116,5.702624900643753,494,2.5133000405714285,8.974498005594898,5.250071802225209,33.60910454717367,3.1090576057090584
14,1.75,solution_000014.vtu,3.404874415133484,17.78118197221063,12.500763881000042,1.8934060103418817,0.6838592520633642,18.014760845155198,5.457130787308914,494,2.5026946383007154,9.495003658975737,5.1868119417064396,34.92289740519074,3.363463159689892
15,1.875,solution_000015.vtu,3.407170389275279,17.920758028961107,12.546133370586015,1.7422735361595394,0.6474203070438455,16.80335481399933,5.349921620493817,494,2.492797563013009,9.983332430076008,4.974004446709495,35.94547258353464,3.5675384788208855
16,2.0,solution_000016.vtu,3.409401205534787,18.02244848151344,12.580972527118291,1.587476452228501,0.5863189813554175,15.714214491340297,5.1648538009091824,494,2.482779868222578,10.411331595588933,4.636039729086043,36.43619775262997,3.678666320255624
17,2.125,solution_000017.vtu,3.4112697194673403,18.094150549592246,12.62709825183155,1.43640726938963,0.5027823566280949,14.668254256463163,4.924634296545366,494,2.4718510124592994,10.759799219257465,4.2093044553182475,36.26982325513819,3.7421971465028165
18,2.25,solution_000018.vtu,3.4126311414948125,18.143059693111795,12.67431195469296,1.2957301311613536,0.498303488885307,13.62556656148953,4.6823260451782245,494,2.459408263826288,11.020981802276783,3.7351990086617675,35.41157756698953,3.764045734697603
19,2.375,solution_000019.vtu,3.4134494210539406,18.175301458709992,12.689328701439205,1.169618063498665,0.4865889459483925,12.576145220502438,4.421556911946285,494,2.4451184651367566,11.197612795834967,3.25337204872776,33.89692521644294,3.727563295496189
20,2.5,solution_000020.vtu,3.4137675801962764,18.195795297556515,12.786317988926903,1.0593909062306526,0.45787543593040986,11.532024739745124,4.013084358192842,494,2.428925417672674,11.299776511448384,2.796470604978794,31.8149489825798,3.559938927306642
21,2.625,solution_000021.vtu,3.4136703783968807,18.20829471633294,12.838058639319318,0.9641537982749072,0.42722867122003905,10.518254629874045,3.6034859022393766,494,2.4110021294067816,11.34125720476227,2.3872380410515346,29.29448814634068,3.2732864070564403
22,2.75,solution_000022.vtu,3.413252797020095,18.215535166478904,12.901104894374269,0.8817929042895942,0.4071080368504379,9.56305011113577,3.598151273824888,494,2.3916761665686503,11.336530302455996,2.0379389318425383,26.491124274727046,2.8919492399088327
23,2.875,solution_000023.vtu,3.412610583299845,18.219428694172738,12.949104118033086,0.8098340342301517,0.3855865858994501,8.68913949401249,3.4898160815432346,494,2.371352608451879,11.29882851105753,1.7515111225853761,23.57274097170435,2.4584618772599223
24,3.0,solution_000024.vtu,3.4118294679747057,18.221261420229503,12.990525431501716,0.7459706518032937,0.3592789992870854,7.9085323282880395,3.28937619494274,494,2.3504498779778578,11.239203982799147,1.5237553722969621,20.702670674503622,1.9974808349283493
25,3.125,solution_000025.vtu,3.41097907322633,18.22186807303669,13.037762683368465,0.6882980095536048,0.33590728286542165,7.221673723571337,3.0814592996533063,494,2.3293546157010954,11.20382873154579,1.3460136071757434,18.02196310745818,1.8338114157989693
26,3.25,solution_000026.vtu,3.4101114350036448,18.221772554066387,13.06164522328335,0.6353725080158295,0.32103753064041396,6.6201174683571224,2.948723968562039,494,2.308395436514677,11.167550443197097,1.2078469598615762,15.634321867944681,1.6641016372769346
27,3.375,solution_000027.vtu,3.409262068640216,18.221293419781016,13.099516683692224,0.5861939468931111,0.3005910754805356,6.09070020848785,2.7939580946780787,494,2.287832154638253,11.119184558093025,1.0992077162703648,13.597344507882061,1.5121280855621986
28,3.5,solution_000028.vtu,3.4084523404279805,18.220618591610766,13.117020616709198,0.5401568751664119,0.27882573489194235,5.619323505329923,2.6104631870312223,494,2.2678560491871673,11.063403497488027,1.0117422262290519,11.922129217298068,1.3647889502598076
29,3.625,solution_000029.vtu,3.407692448611553,18.219855718068498,13.13615935336832,0.4969817688313593,0.2583805211516568,5.19340578763722,2.4475956063945663,494,2.2485969748586885,11.003621005747764,0.939206004123511,10.581169034105582,1.2202935165451496
30,3.75,solution_000030.vtu,3.4069845400165812,18.2190646753645,13.165101439024811,0.4566274055134398,0.2338788995776145,4.803000142380923,2.3446960553443623,494,2.230133888434848,10.942250980494569,0.8772705142726633,9.522235045955027,1.0841191177221023
31,3.875,solution_000031.vtu,3.40632559090725,18.218277734478228,13.17040346313097,0.4191916717727523,0.21070567155382716,4.441010835347803,2.200580291068455,494,2.212506275482812,10.88094168567788,0.8230708838945063,8.684010783408313,0.9653854054862732
32,4.0,solution_000032.vtu,3.40570980782532,18.217511636116622,13.182925485446901,0.38481494947865874,0.18897143723724627,4.102939290419371,2.0414769703755162,494,2.19572483917951,10.820773224089436,0.7747411168398469,8.008832479539391,0.8685179854247369
33,4.125,solution_000033.vtu,3.405130435573476,18.216774588545242,13.202992566256395,0.3536009970594454,0.166021696669634,3.786419794620631,1.9004155211280156,494,2.179780561686321,10.762416185432311,0.7310478590334724,7.449828768995301,0.7786707554431435
34,4.25,solution_000034.vtu,3.404580971935351,18.216070205036598,13.207366469801837,0.3255652568139067,0.14318711978960352,3.4906624095273546,1.7338088295052132,494,2.1646518189540718,10.706254473335388,0.691142003253504,6.972683060212621,0.6970743705466287
35,4.375,solution_000035.vtu,3.404055866714988,18.215399662567528,13.223280323009394,0.3006133374759041,0.12146718402659135,3.215860773026312,1.555256397085006,494,2.15030960966175,10.65247748018112,0.6544064566438488,6.5540463439322965,0.6240984011623428
36,4.5,solution_000036.vtu,3.4035508219153536,18.21476286048804,13.232107141226622,0.2785460563365392,0.1015260879857314,2.9626183375763513,1.4045870382816381,494,2.13672116818264,10.601147314752117,0.620369259743047,6.178724593467844,0.5595702451812806
37,4.625,solution_000037.vtu,3.403062816621918,18.214159033580735,13.243588247151388,0.2590832876270959,0.08373339527585208,2.731454556145808,1.2445079384560975,494,2.123852310510534,10.552246478853876,0.5886559746637565,5.8369757826269995,0.50737357468346
38,4.75,solution_000038.vtu,3.4025899658363943,18.21358707504904,13.262238798633044,0.2418972550087578,0.07079009132045287,2.522446513448472,1.0833127546983912,494,2.111668856725324,10.505710696300515,0.5589634541139408,5.522448442878748,0.47280993145152184
39,4.875,solution_000039.vtu,3.4021312983770593,18.21304570831377,13.266238538925304,0.22664658626795717,0.06677121580933323,2.3350375022193477,0.9277411474053171,494,2.1001374235819834,10.461450782533072,0.5310443145185787,5.230809821178812,0.4408621875911013
40,5.0,solution_000040.vtu,3.4016865132815917,18.2125335807899,13.266238685212036,0.21300479610910192,0.06342062916158346,2.168010955102793,0.7827138102834482,494,2.0892258148816003,10.419366646016005,0.5046964582081788,4.9589161322559105,0.4149164441820919
41,5.125,solution_000041.vtu,3.4012557516412607,18.212049317181144,13.266238823567722,0.20067993967791223,0.05980581292494146,2.019597601146545,0.6513606331011017,494,2.078903172944794,10.379355801383314,0.4797549975800977,4.704345203925689,0.39185310222344133
42,5.25,solution_000042.vtu,3.4008394033715446,18.211591551181847,13.266238954383683,0.18942500321581626,0.05600913244020041,1.8876644080490812,0.5420615193609954,494,2.0691400003987788,10.341318175054758,0.4560855107198509,4.465145465409389,0.3701323159998557
43,5.375,solution_000043.vtu,3.4004379562200704,18.21115894503645,13.266212933722704,0.1790405120719429,0.05211597937956328,1.7699295877110854,0.5136800752641004,494,2.0599081203091516,10.305158499435468,0.4335782676815395,4.239702519730483,0.35051681544011887
44,5.5,solution_000044.vtu,3.400051886575185,18.21075020176633,13.266239194904198,0.16937168158563937,0.04871004706487916,1.6641573421926688,0.48772725877686973,494,2.051180613754485,10.270787212651658,0.41214332105943635,4.026664412569771,0.3349846420027998
45,5.625,solution_000045.vtu,3.399681587316975,18.210364072639074,13.278141543768283,0.1603024427431151,0.04643854225864384,1.5683036844783738,0.4599988049024937,494,2.0429317550439117,10.238120492628928,0.39170640703908693,3.8248941229287223,0.3197090249941608
46,5.75,solution_000046.vtu,3.399327326024473,18.2099993613815,13.285263827637712,0.15174821656470663,0.04422836341671803,1.480603602039496,0.4310444939418345,494,2.0351369533288,10.207079841330936,0.3722055883405858,3.6334342612633654,0.30482411237015483
47,5.875,solution_000047.vtu,3.398989226467458,18.209654926104587,13.292089065460967,0.1436487132764923,0.0418605562727923,1.3996045044978656,0.4014449544006561,494,2.0277727030128787,10.177591481927585,0.3535885481948578,3.45147773146401,0.290407136504206
48,6.0,solution_000048.vtu,3.3986672668255653,18.209329679620236,13.295070091734422,0.13596149096830148,0.03937919020715361,1.3241589580354705,0.375389419462713,494,2.020816542261654,10.149585724992727,0.3358104341996141,3.278342208824073,0.2764982941203596
49,6.125,solution_000049.vtu,3.398361289039096,18.209022588655813,13.295017809456365,0.12865660284802902,0.036828812909424316,1.253391759656614,0.3583036186710064,494,2.0142470176967255,10.122996388321651,0.31883215399902726,3.1134478772501173,0.2631143872676799
50,6.25,solution_000050.vtu,3.3980710148246764,18.208732672323322,13.294188757619763,0.1217123970843036,0.034639489613156,1.1866545642477637,0.341026449775435,494,2.0080436532954162,10.097760306834193,0.3026190341736241,2.956298294501499,0.2502579510333458
51,6.375,solution_000051.vtu,3.397796064950191,18.20845900017417,13.2929968147766,0.11511238487857639,0.032477495962631865,1.1234777684755648,0.32265710958870025,494,2.0021869214641197,10.073816945809185,0.2871397756596133,2.806464250810498,0.23792319121213354
52,6.5,solution_000052.vtu,3.397535979375627,18.20820068998441,13.299424401800836,0.10884301739433601,0.030320223185342637,1.0635257316330469,0.3035085597413164,494,1.9966582152391665,10.051108107490693,0.2723656364386608,2.663570368198394,0.22609972055818484
53,6.625,solution_000053.vtu,3.3972902366403828,18.207956905455408,13.301148901409034,0.10289219553957608,0.02819649722492737,1.0065584660371742,0.2844988541084239,494,1.9914398205098025,10.029577719505955,0.25826980739552,2.5272841227734455,0.21477481674450358
54,6.75,solution_000054.vtu,3.397058271521605,18.20772685391599,13.300415245119794,0.09724834029517246,0.026572108183495927,0.9524008651636082,0.2680462096794527,494,1.9865148878072816,10.009171688246578,0.24482693692559687,2.3973069406595195,0.20393471709102873
55,6.875,solution_000055.vtu,3.3968394904588983,18.207509784087303,13.298505440382622,0.09189987321510706,0.025427863615230067,0.9009192711745184,0.2514300969738255,494,1.9818674034155024,9.989837801155797,0.23201277715678842,2.273367038160089,0.19356530881664158
56,7.0,solution_000056.vtu,3.39663328457605,18.207304983947648,13.296563276421224,0.08683498233728956,0.024303488749971514,0.8520045154315963,0.2348761647382992,494,1.9774821597711132,9.971525663759008,0.21980392731422888,2.155213714779348,0.18365245757991738
57,7.125,solution_000057.vtu,3.3964390403491436,18.207111778712548,13.298527768782654,0.08204157486307251,0.023203845855317717,0.8055602966566306,0.21858982861382512,494,1.973344725252511,9.954186659769896,0.20817765410864547,2.0426128509886374,0.17418213337854044
58,7.25,solution_000058.vtu,3.396256148105505,18.20692952893532,13.299808851380327,0.07750734185234417,0.022132600596491768,0.7614957335921112,0.20829859485487628,494,1.9694414135364193,9.937773925170177,0.1971117722558968,1.9353434041048005,0.16514043403927833
59,7.375,solution_000059.vtu,3.3960840086069934,18.20675762872426,13.307018056373956,0.07321988070493413,0.021092456387091767,0.7197210283015469,0.19934455754959732,494,1.9657592527385261,9.922242329502017,0.18658457101367876,1.833194722941149,0.1565135660237139
60,7.5,solution_000060.vtu,3.3959220379963417,18.20659550406874,13.30701974737443,0.06916683804107364,0.020085342520233113,0.6801453376754683,0.19054001544549767,494,1.9622859545645834,9.907548459597322,0.17657477500393934,1.7359645392802023,0.14828781643013378
61,7.625,solution_000061.vtu,3.3957696713811854,18.206442611264293,13.307021341959114,0.065336048863284,0.019112565042665064,0.6426761231102621,0.18192486595351676,494,1.9590098836897458,9.893650602561907,0.16706152969905141,1.6434575031394953,0.1404495320043289
62,7.75,solution_000062.vtu,3.3956263653090035,18.20629843542625,13.307022845515094,0.061715657924441884,0.018174927804193348,0.6072194161322222,0.17352920379020756,494,1.9559200275637525,9.88050872605629,0.15802440382609723,1.555484154131962,0.13298511181508393
63,7.875,solution_000063.vtu,3.3954915993564363,18.206162489082573,13.307024263142528,0.058294216495029125,0.017272829756392712,0.5736805848627282,0.165375241597259,494,1.9530059668133335,9.868084454817515,0.1494434025814008,1.4718602340996123,0.12588101410046662
64,8.0,solution_000064.vtu,3.395364877023364,18.20603431083708,13.307025599668492,0.05506075270506871,0.01640634340338794,0.5419653095850536,0.15747885605956907,494,1.95025784638427,9.856341043004534,0.1412989869678534,1.3924062603802152,0.1191237750395099
65,8.125,solution_000065.vtu,3.3952457260898923,18.205913464095808,13.307026859660127,0.05200481681162173,0.015575278320100187,0.5119805745059893,0.1498508302136687,494,1.9476663475364229,9.845243342380295,0.13357209576609994,1.316947291942817,0.11270003614627443
66,8.25,solution_000066.vtu,3.3951336985652474,18.205799535850712,13.307796652301127,0.04911650454930343,0.014779232836087506,0.48363555876814973,0.14249785117638056,494,1.9452226607777987,9.83475776661849,0.1262441676250407,1.2453128325562723,0.10659657690310305
67,8.375,solution_000067.vtu,3.395028370331726,18.205692135515836,13.312810599958656,0.046386462540195385,0.01401763632051508,0.4568423656629188,0.1354233121477631,494,1.9429184597985083,9.824852252182588,0.1192971615599355,1.1773368259954278,0.1008003496650275
68,8.5,solution_000068.vtu,3.39492934056561,18.20559089381254,13.317528769141893,0.04380587988863588,0.01328978397113918,0.4315165680801166,0.1286279584549801,494,1.9407458764438212,9.815496216304176,0.11271357475147087,1.112857707936728,0.09529851447722582
69,8.625,solution_000069.vtu,3.3948362309990436,18.20549546170085,13.321968898634507,0.041366469813955045,0.012594865591462457,0.4075775738267383,0.12211040964515764,494,1.9386974767465697,9.806660512611797,0.1064764570211166,1.0517184875878902,0.09007847208169174
70,8.75,solution_000070.vtu,3.3947486850728064,18.205405509355007,13.322363580961312,0.03906044467177625,0.011931989510834785,0.3849488296713646,0.11586758314624514,494,1.9367662380237436,9.798317384950431,0.10056942169586666,0.9937668391818423,0.08512789395814672
71,8.875,solution_000071.vtu,3.3946663670184885,18.20532072518144,13.322015709340159,0.036880487114153405,0.01130020254879574,0.3635578905825277,0.10989503968480469,494,1.934945527029446,9.790440419898706,0.09497665282725336,0.9388551893048224,0.08043474871274738
72,9.0,solution_000072.vtu,3.394588960899747,18.205240814877957,13.321687708985433,0.034819719532191644,0.010698506729156548,0.34333638295539,0.10418726633695867,494,1.9332290791465188,9.78300449844613,0.08968290889462671,0.886840790695953,0.07598732448892795
73,9.125,solution_000073.vtu,3.3945161696353714,18.205165500533198,13.321378460768434,0.032871673366004474,0.010125873299933216,0.324219889530804,0.09873790964603006,494,1.9316109785916757,9.775985747242288,0.08467352322874253,0.8375857767794064,0.07177424733713138
74,9.25,solution_000074.vtu,3.394447714021334,18.205094519765268,13.321086906645503,0.031030259384832,0.009581254501398934,0.3061477806365798,0.09353996852505923,494,1.930085639603364,9.7693614897786,0.07993440145902662,0.7909571939361697,0.0677844956615317
75,9.375,solution_000075.vtu,3.3943833317648915,18.20502762489867,13.320812046552865,0.02928973964586301,0.009063593437066099,0.28906301236545234,0.08858595453971882,494,1.928647788577913,9.763110197813505,0.0754520163102474,0.7468270105056468,0.0640074109775158
76,9.5,solution_000076.vtu,3.3943227765403683,18.204964582178725,13.320552935434845,0.027644701532261014,0.00857183233612003,0.2729119080603414,0.08386802552351615,494,1.9272924471170385,9.75721144330535,0.0712134000871253,0.7050721029102877,0.060432705281791316
77,9.625,solution_000077.vtu,3.3942658170737134,18.204905171022567,13.320308680401553,0.026090034041471716,0.00810491944419234,0.2576439354581885,0.07937809720963526,494,1.9260149159485176,9.751645851074558,0.06720613517442244,0.6655742202150018,0.057050465369442145
78,9.75,solution_000078.vtu,3.394212236260766,18.204849183305537,13.320078438012294,0.024620906332322896,0.00766181473958998,0.24321148830082687,0.07510793659216924,494,1.9248107596813437,9.74639505237832,0.06341834286371813,0.6282199290044577,0.0538511544412803
79,9.875,solution_000079.vtu,3.3941618303226777,18.20479642268222,13.319861411681348,0.023232748431390206,0.007241494640380087,0.2295696782680557,0.07104923998404693,494,1.9236757923569967,9.741441639546947,0.059838670792002564,0.5929005407605521,0.05082561133767203
80,10.0,solution_000080.vtu,3.3941144080004744,18.20474670394082,13.319656849202435,0.021921233933575646,0.006842955842999931,0.21667614074088076,0.06719369816760623,494,1.9226060637589861,9.736769121800712,0.056456279257680014,0.5595120240419393,0.04796504771857436
81,10.125,solution_000081.vtu,3.394069789789921,18.204699852389936,13.319464040388501,0.020682264497886727,0.006465218412372079,0.20449085612066206,0.06353305059318676,494,1.9215978464440193,9.732361882340019,0.05326082664434215,0.5279549037500919,0.04526104348706039
82,10.25,solution_000082.vtu,3.3940278072168724,18.204655703276412,13.319282314823123,0.019511955928294283,0.006107328227159397,0.19297598714076536,0.06005913023944656,494,1.9206476234592342,9.728205136778502,0.05024245416580794,0.4981341496685871,0.04270554072896115
83,10.375,solution_000083.vtu,3.393988302152818,18.204614101233172,13.319111039720028,0.018406625633632507,0.00576835886963251,0.18209573172635393,0.056763900481698916,494,1.919752076711409,9.7242848929692,0.04739177011406191,0.46995905631346496,0.04029083641563281
84,10.5,solution_000084.vtu,3.3939511261697892,18.204574899755812,13.31894961788692,0.017362781274241214,0.005447413038111033,0.1718161904007409,0.053639485102587,494,1.9189080759554515,9.720587912256734,0.04469983377362169,0.4433431159554493,0.03800957409172024
85,10.625,solution_000085.vtu,3.3939161399334585,18.204537960706762,13.318797485789984,0.016377110422264658,0.005143623549812268,0.16210524692555486,0.05067819240938788,494,1.9181126683709562,9.717101672174014,0.0421581391420677,0.41820388648712126,0.03585473474579779
86,10.75,solution_000086.vtu,3.3938832126330185,18.20450315384574,13.318654111715222,0.015446471083979929,0.004856153993413268,0.15293246072996516,0.04787253428375765,494,1.9173630686970395,9.713814330589639,0.039758598579114394,0.3944628556211693,0.03381962703926523
87,10.875,solution_000087.vtu,3.3938522214462523,18.204470356385425,13.318518994022885,0.014567882954336739,0.004584199083188232,0.1442689696764315,0.045215240875728833,494,1.9166566498971114,9.710714691301765,0.0374935264883746,0.3720453027280585,0.0318978770481221
88,11.0,solution_000088.vtu,3.3938230510380865,18.204439452571098,13.318391659491192,0.013738519294580708,0.004326984760020029,0.13608740178337989,0.04269927155808007,494,1.9159909343265675,9.707792171065462,0.035355623121147366,0.35088015944940815,0.030083417652943978
89,11.125,solution_000089.vtu,3.393795593090887,18.204410333283082,13.318271661745676,0.012955699342671033,0.004083768079013731,0.1283617946460682,0.04031782267672175,494,1.9153635853777218,9.705036768033493,0.03333795857758105,0.3308998700732964,0.02837047769518082
90,11.25,solution_000090.vtu,3.393769745864718,18.204382895660988,13.318158579770333,0.012216881182797071,0.0038538369183595033,0.12106752144141555,0.03806433256359803,494,1.9147723995775154,9.70243903158433,0.031433957068840515,0.31204025251326034,0.02675357100193111
91,11.375,solution_000091.vtu,3.3937454137858176,18.204357042748562,13.318052016497106,0.011519655014541467,0.0036365095397106776,0.1141812225540355,0.035932484219288616,494,1.9142152991147519,9.699990033506682,0.029637381492003286,0.29424036060856373,0.02522748536712646
92,11.5,solution_000092.vtu,3.3937225070615655,18.20433268315814,13.31816131811048,0.010861736774148959,0.0034311340265673488,0.10768074200794955,0.03391620602094506,494,1.9136903247747066,9.697681340505753,0.02794231836164659,0.27744234834957915,0.023787271564236753
93,11.625,solution_000093.vtu,3.3937009413203048,18.204309730753724,13.318987443177777,0.010240962070214417,0.0032370876235666545,0.10154506802459669,0.03200967076620893,494,1.913195629260038,9.69550498799373,0.026343163131410583,0.2615913365315419,0.022428232454038438
94,11.75,solution_000094.vtu,3.393680637274403,18.2042881043517,13.3196429751703,0.009655280403983486,0.003053775996759259,0.09575427714913998,0.0302072933244931,494,1.9127294708779443,9.69345345512461,0.024834605933841222,0.24663528225162226,0.02114591224080349
95,11.875,solution_000095.vtu,3.3936615204050673,18.20426772743824,13.319927447524957,0.009102749650818094,0.002880632432121477,0.09028948149225736,0.02850372713236731,494,1.912290207574468,9.691519641031974,0.023411617758079668,0.23252485158529482,0.01993608592109367
96,12.0,solution_000096.vtu,3.3936435206674695,18.204248527902568,13.32019541207309,0.008581530784228438,0.00271711698730247,0.08513277872352004,0.026893859739468777,494,1.9118762912977765,9.689696842227207,0.02206943708112216,0.2192132957097747,0.01879474896129698
97,12.125,solution_000097.vtu,3.393626572214831,18.204230437785192,13.320447829817956,0.008089882827706184,0.002562715609496479,0.08026720452618176,0.025372807584506517,494,1.9114862626731102,9.687978731115122,0.020803556962313122,0.20665633068175698,0.0177181072329788
98,12.25,solution_000098.vtu,3.393610613140212,18.204213393040284,13.320536703661165,0.007626158022406036,0.0024169392304809784,0.07567668728310092,0.023935910157310385,494,1.9111187459729495,9.686359335583646,0.019609712607029997,0.19481202102390158,0.016702567228859343
99,12.375,solution_000099.vtu,3.393595585234814,18.204197333311534,13.320507738286867,0.007188797200857307,0.002279322848269394,0.07134600481137995,0.022578723682050966,494,1.9107724443667213,9.6848330196244,0.018483869401644974,0.1836406672294602,0.015744726576830282
100,12.5,solution_000100.vtu,3.393581433761688,18.204182201720634,13.320480438685271,0.006776325358382153,0.0021494246034423122,0.06726074300087957,0.021297014438323807,494,1.9104461354351518,9.683394464941328,0.01742221141906899,0.17310469725408217,0.014841364864770655
101,12.625,solution_000101.vtu,3.3935681072438264,18.20416794466775,13.320454709611806,0.006387347415049558,0.002026824856821408,0.06340725624080097,0.020086751820550326,494,1.9101386669351044,9.682038653505163,0.01642113039063287,0.16316856203030794,0.013989434784811029
102,12.75,solution_000102.vtu,3.3935555572656675,18.20415451164332,13.320430461201845,0.006020544161635521,0.0019111252743305223,0.05977262954050165,0.018944101221909114,494,1.9098489528014146,9.680760851012213,0.015477215139476115,0.15379863501083998,0.013186053602277445
103,12.875,solution_000103.vtu,3.3935437382871196,18.204141855050594,13.32040760867474,0.005674668383676306,0.001801947923605167,0.0563446422671112,0.01786541681632059,494,1.9095759693729388,9.679556591206964,0.014587241466718665,0.14496311572182252,0.01242849495161498
104,13.0,solution_000104.vtu,3.3935326074692815,18.204129930038185,13.320386072053175,0.005348541157929959,0.0016989343863494384,0.053111733434459546,0.016847234301005567,494,1.9093187518306538,9.678421661028933,0.013748162481831338,0.13663193728621278,0.011714180959033038
105,13.125,solution_000105.vtu,3.3935221245110805,18.204118694342263,13.320365775897168,0.005041048315799783,0.0016017448895380882,0.05006296848632818,0.015886263652344367,494,1.909076390836257,9.677352086545397,0.01295709936649572,0.12877667785986063,0.011040674689619476
106,13.25,solution_000106.vtu,3.3935122514961082,18.20410810813769,13.320346649052054,0.004751137068372887,0.0015100574580136548,0.04718800752295306,0.014979381939271024,494,1.908848029360317,9.676344119632725,0.012211332560542092,0.12137047590820318,0.010405672914845397
107,13.375,solution_000107.vtu,3.3935029527489817,18.20409813389768,13.32032862440981,0.004477812787783043,0.0014243797988368705,0.04447707492366227,0.014123626230967473,494,1.9086328596895756,9.675394225370384,0.011508293357644795,0.11438794923950621,0.009806999195062725
108,13.5,solution_000108.vtu,3.3934941947006236,18.2040887362615,13.320311638683119,0.004220135939640821,0.001343560642059111,0.04192093032112429,0.013316186629043181,494,1.9084301206035381,9.674499070112823,0.010845555897979427,0.10780511770070111,0.00924259727031099
109,13.625,solution_000109.vtu,3.393485945761867,18.204079881909717,13.320295632191515,0.003977219161290619,0.0012672427126370974,0.039510840884222076,0.012554399448846697,494,1.9082390947110093,9.673655510205839,0.010220829544703595,0.10159932943499163,0.008710524751970443
110,13.75,solution_000110.vtu,3.3934781762048476,18.2040715394466,13.320280548659055,0.0037482244806573617,0.0011951849000390602,0.03723855486754122,0.011835740569443136,494,1.908059105937712,9.672860581315222,0.009631951630482227,0.09574919059328602,0.008208947106962112
111,13.875,solution_000111.vtu,3.393470858051699,18.204063679289277,13.320266335022975,0.003532360670493427,0.001127157890943352,0.03509627638592199,0.011164465428862735,494,1.9078895171566042,9.672111488336856,0.009076880560667546,0.0902344983885116,0.007736131925693023
112,14.0,solution_000112.vtu,3.393463964970058,18.20405627356323,13.320252941252718,0.0033288807328332843,0.0010629437294877389,0.03307664137280445,0.01053096804327753,494,1.9077297279529346,9.671405595858612,0.008553689259340429,0.08503617737816245,0.0072904434645676575
113,14.125,solution_000113.vtu,3.393457472174973,18.204049296003827,13.320240320178888,0.0031370795085514957,0.001002335375073407,0.031172694681264438,0.009932756101004601,494,1.9075791725165312,9.670740419145782,0.008060558944295594,0.08013621885858703,0.0068703374535485535
114,14.25,solution_000114.vtu,3.3934513563367767,18.20404272186346,13.320228427331552,0.00295629140693265,0.0009451362611734382,0.029377868286752748,0.009367939248181486,494,1.9074373176541841,9.670113615622858,0.007595773217990103,0.07551762325418218,0.0064743561591470355
115,14.375,solution_000115.vtu,3.393445595494585,18.20403652782404,13.320217220787464,0.002785888250288332,0.0008911598579432452,0.027685960550761744,0.008834719648228346,494,1.9073036609154002,9.669522976825844,0.007157712460472379,0.07116434538410883,0.0061011236930891884
116,14.5,solution_000116.vtu,3.393440168975031,18.20403069191456,13.32020666102574,0.0026252772287001136,0.000840229240949158,0.026091116504886547,0.008331388530885192,494,1.9071777288251557,9.66896642080035,0.006744848511593612,0.06706124249024181,0.005749341556945895
117,14.625,solution_000117.vtu,3.3934350573159264,18.204025193433335,13.320196710791494,0.0024738989601008916,0.0007921766679058493,0.024587809115126324,0.007856322722517056,494,1.9070590752176138,9.668441984921898,0.006355739629595718,0.06319402491119969,0.005417784413049602
118,14.75,solution_000118.vtu,3.393430242194541,18.20402001287477,13.3201873349671,0.0023312256510003566,0.0007468431649045595,0.023170821486752525,0.007407981184402776,494,1.9069472796651226,9.667947819116032,0.005989025713401694,0.05954920928921499,0.00510529607214561
119,14.875,solution_000119.vtu,3.3934257063601994,18.204015131860306,13.320178500450591,0.0021967593532967945,0.0007040781233184231,0.02183522997065386,0.006984901581114219,494,1.9068419459971044,9.667482179456814,0.0056434237766420075,0.05611407419875761,0.0048107856883665406
120,15.0,solution_000120.vtu,3.3934214335709436,18.204010533073383,13.32017017604088,0.0020700303127336723,0.0006637389083100134,0.02057638813277806,0.006585696897096662,494,1.906742700903749,9.667043422123367,0.005317723661428544,0.05287661808828153,0.004533224152352892
121,15.125,solution_000121.vtu,3.393417408533997,18.204006200198112,13.32016233232938,0.0019505954047043053,0.0006256904795816677,0.019389911549066087,0.006209052116149382,494,1.906649192619709,9.666629997695203,0.0050107839806463805,0.04982551942974069,0.004271640673500914
122,15.25,solution_000122.vtu,3.393413616849803,18.20400211786149,13.32015494159774,0.001838036653246193,0.0005898050248907829,0.0182716633891804,0.005853720975575767,494,1.9065610896832554,9.666240445767858,0.004721528277533481,0.04695009897279567,0.004025119542608782
123,15.375,solution_000123.vtu,3.3934100449594067,18.203998271578982,13.32014797772131,0.0017319598292103644,0.0005559616065910956,0.01721774075325788,0.005518522804233986,494,1.9064780797666045,9.66587338987146,0.004448941391965826,0.044240284004505095,0.0037927970664492195
124,15.5,solution_000124.vtu,3.393406680094993,18.203994647703166,13.320141416078053,0.001631993123732139,0.000524045821421871,0.01622446172694749,0.005202339451623664,494,1.9063998685733723,9.665527532675677,0.0041920660234051835,0.041686574518372724,0.0035738586660277105
125,15.625,solution_000125.vtu,3.393403510233368,18.203991233375426,13.32013523346259,0.0015377858932860832,0.0004939494735523584,0.015288353121048892,0.004904112313259553,494,1.9063261787993322,9.665201651465258,0.003949999480290743,0.03928001119968679,0.003367536130612597
126,15.75,solution_000126.vtu,3.393400524052218,18.20398801648036,13.320129408005121,0.001449007472742884,0.00046557026087427883,0.014406138863168315,0.004622839456093115,494,1.906256749152866,9.66489459387137,0.0037218906068147446,0.03701214513803988,0.003173105019892095
127,15.875,solution_000127.vtu,3.3933977108889684,18.203984985602865,13.320123919094923,0.0013653460529981201,0.000438811474387588,0.013574729009925804,0.004357572846401183,494,1.9061913334317055,9.664605273844519,0.003506936877839377,0.034875009180944105,0.0029898822068962936
128,16.0,solution_000128.vtu,3.393395060702088,18.20398212998767,13.320118747308197,0.0012865076198881153,0.0004135817105107509,0.012791209349397046,0.004107415681466429,494,1.9061296996527504,9.664332667855737,0.0033043816533074887,0.03286109084606725,0.002817223554597454
129,16.125,solution_000129.vtu,3.3933925640346927,18.203979439501207,13.320113874339988,0.0012122149512390247,0.00038979459605202203,0.012052831564608762,0.003871519825469799,494,1.9060716292319302,9.664075811313333,0.003113511583931585,0.030963306712871442,0.002654521719447524
130,16.25,solution_000130.vtu,3.3933902119802997,18.203976904595716,13.32010928294001,0.0011422066690490752,0.0003673685255690574,0.011357003930059959,0.003649083349219935,494,1.9060169162112421,9.6638337951832,0.0029336541602751364,0.02917497821799523,0.002501204075318131
131,16.375,solution_000131.vtu,3.3933879961506177,18.203974516275366,13.32010495685209,0.00107623634392297,0.00034622641077480267,0.010701282514369987,0.0034393481727411296,494,1.9059653665302774,9.663605762801346,0.0027641753975770423,0.02748980878184585,0.002356730751648945
132,16.5,solution_000132.vtu,3.393385908645233,18.203972266064376,13.320100880757085,0.0010140716490232705,0.000326295441669567,0.010083362863289466,0.003241597809199203,494,1.9059167973396753,9.663390906867876,0.0026044776492536886,0.02590186219701731,0.00222059277985319
133,16.625,solution_000133.vtu,3.393383942023094,18.203970145976964,13.320097040219045,0.0009554935609202556,0.0003075068589979204,0.009501072138405278,0.0030551552082357094,494,1.905871036354113,9.663188466612265,0.002453997542144214,0.02440554221258799,0.0020923103423262806
134,16.75,solution_000134.vtu,3.393382089275669,18.203968148489032,13.32009342163444,0.0009002956048538405,0.00028979573768404826,0.008952361687964351,0.0028793806964416266,494,1.905827921242556,9.662997725120299,0.002312204027106029,0.02299557325115439,0.001971431118608305
135,16.875,solution_000135.vtu,3.3933803438016965,18.20396626651148,13.320090012184304,0.0008482831420336635,0.0002731007808163332,0.008435300027294746,0.002713670012427065,494,1.9057872990536389,9.662818006813605,0.002178596538531925,0.021666982198394073,0.001857528723592597
136,17.0,solution_000136.vtu,3.3933786993834127,18.203964493365035,13.320086799789106,0.0007992726967274162,0.00025736412382989143,0.007948066207335664,0.0025574524337609234,494,1.9057490256741576,9.66264867507316,0.0020527032571673993,0.020415081208085377,0.0017502012328200025
137,17.125,solution_000137.vtu,3.393377150164184,18.203962822756633,13.320083773066202,0.000753091320986323,0.00024253114845518346,0.0074889435507891474,0.0024101889928859624,494,1.9057129653187685,9.662489129998642,0.00193407947042192,0.01923545146801745,0.001649069790232142
138,17.25,solution_000138.vtu,3.3933756906274497,18.203961248757025,13.320080921289717,0.0007095759949779705,0.00022855030605580816,0.007056313736375272,0.002271370779010466,494,1.9056789900491091,9.66233880629597,0.0018223060250035959,0.018123927875025876,0.0015537772938966183
139,17.375,solution_000139.vtu,3.393374315576905,18.2039597657798,13.320078234352755,0.0006685730609890092,0.00021537294995959436,0.006648651212614974,0.002140517322923794,494,1.9056469793206408,9.662197171285774,0.0017169878666741718,0.017076584569912172,0.0014639871555064796
140,17.5,solution_000140.vtu,3.393373020117843,18.20395836856153,13.32007570273172,0.0006299376892579616,0.0002029531764006642,0.006264517923459223,0.0020171750616208247,494,1.9056168195556291,9.662063723025915,0.001617752662510505,0.01608972128552531,0.0013793821296380529
141,17.625,solution_000141.vtu,3.393371799639593,18.203957052143114,13.320073317452742,0.0005935333739036786,0.00019124767368613787,0.005902558328966421,0.0019009158796352984,494,1.9055884037407511,9.661937988541624,0.00152424950103339,0.015159850463639742,0.0012996632089418822
142,17.75,solution_000142.vtu,3.393370649798988,18.2039558118522,13.32007107006,0.0005592314572886546,0.000180215579234555,0.005561494705054921,0.0017913357239754677,494,1.9055616310479169,9.661819522157105,0.0014361476658005241,0.014283685098308409,0.0012245485816729132
143,17.875,solution_000143.vtu,3.393369566504799,18.20395464328659,13.320068952585853,0.000526910681256144,0.0001698183441110419,0.005240122707169778,0.001688053289609704,494,1.9055364064769662,9.661707903922874,0.001353135478791515,0.013458127266173849,0.0011537726481201742
144,18.0,solution_000144.vtu,3.3933685459064677,18.203953542303644,13.320066957508036,0.0004964566205798476,0.0001600196407396069,0.004937307040281763,0.0015907088084822507,494,1.905512640496388,9.66160273802282,0.0012749221855184929,0.012680260282047566,0.0010870857632089787
145,18.125,solution_000145.vtu,3.3933675843684443,18.203952504984127,13.320065077781866,0.0004677619864468354,0.00015078506671346859,0.004651978067679957,0.0014989627283859633,494,1.9054902488200607,9.661503651983958,0.0012012224184021246,0.011947326958861004,0.0010242506884821424
146,18.25,solution_000146.vtu,3.3933666784711805,18.20395152765283,13.320063306725919,0.00044072491456804763,0.00014208236510553296,0.004383127307405503,0.0014124947888145922,494,1.9054691519604927,9.661410294156852,0.0011317831650182074,0.011256736387620031,0.0009650456478831167
147,18.375,solution_000147.vtu,3.3933658249937193,18.20395060684113,13.320061638059705,0.00041524980250782703,0.0001338810025843881,0.004129804332136295,0.0013310028425952724,494,1.905449275050977,9.661322333487272,0.0010663565948530282,0.010606045004140715,0.0009092612414787773
148,18.5,solution_000148.vtu,3.3933650209014186,18.203949739280308,13.320060065866551,0.0003912465142833537,0.0001261522006468168,0.0038911134077524437,0.0012542018678105267,494,1.9054305475534372,9.661239458069934,0.0010047108185112764,0.009992949795431976,0.0008567000421649057
149,18.625,solution_000149.vtu,3.393364263335347,18.20394892189078,13.320058584571054,0.0003686300982632916,0.0001188688238448959,0.0036662103538760197,0.001181823018781771,494,1.9054129030076419,9.66116137401402,0.0009466274762346072,0.009415280395837666,0.0008071759741235729
150,18.75,solution_000150.vtu,3.393363549602182,18.203948151771137,13.320057188919462,0.0003473204946747184,0.00011200528508310377,0.003454299587546624,0.0011136127253114079,494,1.9053962787954473,9.661087804399873,0.0008919008351891814,0.00887099150821217,0.0007605136807366759
151,18.875,solution_000151.vtu,3.3933628771646225,18.203947426187796,13.320055873961314,0.00032724225649295854,0.00010553745802357035,0.003254631336542389,0.001049331839794773,494,1.9053806159187296,9.661018488300531,0.0008403370364107356,0.008358155729853116,0.0007165479142409559
152,19.0,solution_000152.vtu,3.3933622436323554,18.20394674256527,13.320054635032104,0.0003083242851902005,9.944259454064557e-05,0.003066499155007431,0.0009887547940749045,494,1.9053658587901867,9.660953179860135,0.000791753404325531,0.007874953803716295,0.0006751222853458788
153,19.125,solution_000153.vtu,3.393361646753535,18.203946098477015,13.320053467736832,0.0002904995811034805,9.369924685313015e-05,0.0028892368858963154,0.0009316689746159565,494,1.9053519550362226,9.660891647425062,0.0007459778016042618,0.0074196797630032485,0.0006360913879598327
154,19.25,solution_000154.vtu,3.393361084406749,18.2039454916368,13.32005236793447,0.00027370500791196113,8.828719395988787e-05,0.0027222170998897357,0.0008778738038062484,494,1.905338855311223,9.660833672724836,0.0007028480219445105,0.006990718499282374,0.0005993164008399952
155,19.375,solution_000155.vtu,3.393360554593454,18.20394491989059,13.320051331723302,0.0002578810704954895,8.318737222723962e-05,0.0025648484747397703,0.0008271801737303937,494,1.9053265131225456,9.660779050099954,0.0006622112185465775,0.0065865499348247885,0.0005646669078279615
156,19.5,solution_000156.vtu,3.3933600554308496,18.203944381208917,13.320050355427096,0.00024297170551354264,7.83818097644553e-05,0.002416573760631789,0.000779409783083694,494,1.9053148846656278,9.660727585774085,0.0006239233650077971,0.00620574189650972,0.0005320201073320896
157,19.625,solution_000157.vtu,3.393359585145167,18.203943873679677,13.320049435582082,0.0002289240839485346,7.385356450670816e-05,0.0022768678301806123,0.0007343945239429909,494,1.9053039286686086,9.660679097168119,0.0005878487474802072,0.005846944894064122,0.0005012603082720348
158,19.75,solution_000158.vtu,3.393359142065352,18.203943395501327,13.320048568924674,0.0002156884249602841,6.958666571705117e-05,0.00214523583477116,0.0006919759047424301,494,1.905293606245932,9.660633412253711,0.0005538594858610572,0.005508887322737996,0.00047227850089060945
159,19.875,solution_000159.vtu,3.393358724617105,18.203942944976507,13.32004775237991,0.00020321782040262127,6.556605876527822e-05,0.0020212114645232955,0.0006520045056227922,494,1.9052838807604038,9.66059036894406,0.0005218350824735585,0.005190370968181963,0.0004449719665000682
160,20.0,solution_000160.vtu,3.3933583313172737,18.203942520506015,13.320046983050558,0.0001914680693948053,6.177755298621909e-05,0.001904355307077224,0.0006143394641844978,494,1.9052747176932165,9.660549814519822,0.0004916619965870407,0.004890266776736936,0.00041924391399479036
161,20.125,solution_000161.vtu,3.393357960768576,18.203942120583122,13.32004625820683,0.00018039752238255193,5.820777245590797e-05,0.001794253300069909,0.0005788479898845094,494,1.9052660845214908,9.660511605088082,0.00046323324344706536,0.004607510870266272,0.0003950031384423233
162,20.25,solution_000162.vtu,3.3933576116546162,18.203941743788235,13.32004557527673,0.00016996693412981448,5.4844109558722275e-05,0.0016905152721242512,0.0005454049055647271,494,1.9052579506028853,9.660475605072572,0.00043644801638235324,0.00434110079063756,0.00037216369953201457
163,20.375,solution_000163.vtu,3.393357282735201,18.20394138878385,13.320044931836934,0.0001601393251733608,5.1674681118910175e-05,0.0015927735674327297,0.0005138922145244961,494,1.9052502870668773,9.660441686733247,0.00041121133047299384,0.004090091959685453,0.00035064461844358947
164,20.5,solution_000164.vtu,3.3933569728419273,18.20394105430982,13.320044325604183,0.00015087985121252617,4.868828703914679e-05,0.001500681749150493,0.0004841986918561592,494,1.905243066712331,9.66040972971362,0.00038743368677326626,0.0038535943427593484,0.0003303695920662551
165,20.625,solution_000165.vtu,3.3933566808740183,18.203940739178847,13.32004375442721,0.00014215568001564653,4.587437126316765e-05,0.0014139133771503812,0.0004562194986602771,494,1.9052362639109792,9.660379620614192,0.00036503075598607617,0.0036307693040154455,0.00031126672355043597
166,20.75,solution_000166.vtu,3.393356405794409,18.203940442272334,13.320043216279101,0.00013393587539752008,4.3222984937036675e-05,0.0013321608558998894,0.00042985581792012945,494,1.905229854516486,9.660351252590491,0.0003439230800794388,0.003420826642336868,0.00029326826830047213
167,20.875,solution_000167.vtu,3.3933561466260564,18.20394016253632,13.320042709250123,0.00012619128787043474,4.072475166050465e-05,0.0012551343484716246,0.0004050145108487065,494,1.9052238157787689,9.660324524974339,0.000324035791284112,0.003223021797750115,0.0002763103945292424
168,21.0,solution_000168.vtu,3.3933559024484605,18.203939898977843,13.320042231540933,0.00011889445158609894,3.837083470769212e-05,0.001182560752923458,0.0003816077925980812,494,1.9052181262632684,9.660299342916975,0.0003052983471348098,0.003036653218521904,0.00026033295758123116
169,21.125,solution_000169.vtu,3.3933556723943927,18.20393965066133,13.320041781456217,0.00011201948720261347,3.615290610773698e-05,0.0011141827374839062,0.00035955292627325516,494,1.9052127657748887,9.660275617052767,0.00028764428088464637,0.0028610598797818125,0.00024527928720691504
170,21.25,solution_000170.vtu,3.393355455646809,18.203939416705328,13.320041357398663,0.00010554201034965227,3.40631174773162e-05,0.0010497578312102752,0.00033877193421138325,494,1.9052077152863285,9.660253263182353,0.0002710109662352344,0.0026956189448936905,0.00023109598710033431
171,21.375,solution_000171.vtu,3.3933552514359433,18.20393919627935,13.320040957863311,9.943904535908051e-05,3.209407251486902e-05,0.0009890575669222843,0.0003191913256236887,494,1.9052029568705637,9.660232201974088,0.00025533939554665277,0.0025397435614803554,0.00021773274593812135
172,21.5,solution_000172.vtu,3.393355059036576,18.20393898860095,13.32004058143221,9.368894396368447e-05,3.023880105305536e-05,0.0009318666734441785,0.00030074183965127715,494,1.9051984736372274,9.66021235868272,0.0002405739709806445,0.0023928807844676866,0.00020514215932152798
173,21.625,solution_000173.vtu,3.393354877765446,18.203938792932913,13.320040226769377,8.827130868034554e-05,2.8490734607728116e-05,0.0008779823143231418,0.0002833582030072862,494,1.9051942496726675,9.660193662884323,0.00022666230763771557,0.0022545096186792784,0.0001932795619685958
174,21.75,solution_000174.vtu,3.3933547069788297,18.20393860858067,13.320039892616085,8.316692060617137e-05,2.6843683291938713e-05,0.0008272133703659976,0.0002669789013717696,494,1.9051902699834724,9.660176048226525,0.0002135550479071587,0.002124139174242688,0.00018210286956297893
175,21.875,solution_000175.vtu,3.3933545460702463,18.203938434889814,13.32003957778637,7.835767137738569e-05,2.5291814076762848e-05,0.0007793797634834313,0.0002515459637960465,494,1.9051865204432599,9.660159452193191,0.00020120568676687718,0.002001306928367172,0.0001715724297388868
176,22.0,solution_000176.vtu,3.3933543944683056,18.20393827124378,13.320039281162845,7.382649904840092e-05,2.3829630269154224e-05,0.0007343118194710566,0.0002370047593642192,494,1.9051829877425432,9.660143815882677,0.00018957040693531776,0.0018855770872936528,0.0001616508816398114
177,22.125,solution_000177.vtu,3.3933542516346766,18.203938117061668,13.320039001692729,6.955732766802055e-05,2.2451952175330968e-05,0.0006918496674994438,0.000223303805437429,494,1.9051796593414958,9.6601290837989,0.00017860792364164608,0.0017765390426550411,0.00015230302358492138
178,22.25,solution_000178.vtu,3.393354117062172,18.20393797179616,13.320038738384108,6.553501033776213e-05,2.1153898873264208e-05,0.0006518426741970608,0.0002103945868380763,494,1.9051765234254452,9.660115203654485,0.000168279338401849,0.0016738059169310487,0.00014349568835502415
179,22.375,solution_000179.vtu,3.393353990272948,18.203937834931608,13.320038490302423,6.17452755599147e-05,1.9930871015470755e-05,0.000614148910350444,0.0001982313853426102,494,1.9051735688629425,9.660102126185286,0.0001585480010459087,0.0015770131927632584,0.0001351976256946979
180,22.5,solution_000180.vtu,3.393353870816806,18.203937705982163,13.320038256567152,5.817467667103344e-05,1.877853462238666e-05,0.0005786346483389511,0.00018677111891523144,494,1.905170785166254,9.660089804975614,0.0001493793799394968,0.0014858174213869034,0.00012737939157339036
181,22.625,solution_000181.vtu,3.39335375826959,18.203937584490088,13.320038036348686,5.481054420225841e-05,1.769280581192962e-05,0.0005451738885464992,0.0001759731901221854,494,1.9051681624541383,9.660078196293574,0.00014074093955837745,0.0013998950055338826,0.00012001324384345218
182,22.75,solution_000182.vtu,3.393353652231682,18.20393747002411,13.320037828865386,5.164094098069027e-05,1.666983639074139e-05,0.0005136479130784023,0.00016579934322329058,494,1.9051656914167765,9.660067258935912,0.00013260202507019289,0.0013189410525976599,0.00011307304392651177
183,22.875,solution_000183.vtu,3.393353552326582,18.203937362177893,13.32003763338081,4.8654619825280286e-05,1.570600028226116e-05,0.00048394486521508294,0.0001562135294307148,494,1.9051633632827285,9.660056954081831,0.0001249337537749697,0.0012426682939655827,0.00010653416415940082
184,23.0,solution_000184.vtu,3.393353458199571,18.203937260568622,13.320037449201099,4.584098368516498e-05,1.4797880726447836e-05,0.0004559593531249358,0.00014718177988961922,494,1.9051611697877997,9.660047245155258,0.0001177089126573031,0.0011708060667751942,0.00010037340050053909
185,23.125,solution_000185.vtu,3.393353369516446,18.203937164835587,13.32003727567251,4.3190048072541477e-05,1.3942258224124271e-05,0.00042959207643376385,0.00013867208593975962,494,1.9051591031457087,9.660038097695066,0.0001109018618961708,0.0011030993544312577,9.456889027260829e-05
186,23.25,solution_000186.vtu,3.39335328596234,18.20393707463897,13.320037112179115,4.069240567584757e-05,1.3136099159216954e-05,0.00040474947434898396,0.0001306542862268388,494,1.9051571560204532,9.660029479232794,0.00010448844393815136,0.001039307882438604,8.910003464949085e-05
187,23.375,solution_000187.vtu,3.3933532072405974,18.20393698965858,13.320036958140587,3.833919300110116e-05,1.2376545088430386e-05,0.00038134339407703747,0.00012309996030074023,494,1.9051553215002681,9.660021359177446,9.844589787438329e-05,0.0009792052666013776,8.394742562675658e-05
188,23.5,solution_000188.vtu,3.3933531330717237,18.203936909592766,13.32003681301017,3.612205895158299e-05,1.1660902637344213e-05,0.0003592907783869207,0.0001159823283164852,494,1.9051535930730965,9.660013708706938,9.275277865131111e-05,0.0009225782102260721,7.909277720104031e-05
189,23.625,solution_000189.vtu,3.3933530631923907,18.203936834157297,13.320036676272712,3.4033135215340624e-05,1.0986633985300413e-05,0.00033851337120083963,0.00010927615649051426,494,1.9051519646034718,9.660006500665826,8.738888112480181e-05,0.0008692257478173768,7.451886052858569e-05
190,23.75,solution_000190.vtu,3.393352997354503,18.203936763084403,13.32003654744286,3.206500836553365e-05,1.035134789074105e-05,0.0003189374401837792,0.00010295766799106418,494,1.9051504303107434,9.659999709468938,8.233516828218999e-05,0.000818958532425894,7.020944282971027e-05
191,23.875,solution_000191.vtu,3.393352935324314,18.203936696121787,13.320036426063323,3.0210693569237792e-05,9.752791232691092e-06,0.0003004935153459416,9.700445894195407e-05,494,1.9051489847485559,9.659993311010592,7.757370379547517e-05,0.0007715981641188712,6.614922981621919e-05
192,24.0,solution_000192.vtu,3.3933528768815995,18.203936633031734,13.320036311703252,2.84636098198134e-05,9.188841045604169e-06,0.000283116142739173,9.139541926149487e-05,494,1.9051476227855182,9.659987282579042,7.308758836937029e-05,0.0007269765572559474,6.232381145285374e-05
193,24.125,solution_000193.vtu,3.3933528218188718,18.203936573590305,13.320036203956718,2.681755659198174e-05,8.657497007413564e-06,0.00026674365237555717,8.611065804510551e-05,494,1.9051463395869912,9.659981602775884,6.886089978618519e-05,0.0006849353443081023,5.8719610842651076e-05
194,24.25,solution_000194.vtu,3.3933527699406456,18.20393651758648,13.320036102441257,2.5266691853449078e-05,8.156874362932056e-06,0.0002513179395444175,8.113143324908919e-05,494,1.905145130597924,9.659976251440117,6.487863649006776e-05,0.0006453253141948446,5.532383607253649e-05
195,24.375,solution_000195.vtu,3.3933527210627408,18.203936464821464,13.320036006796533,2.3805511343218517e-05,7.685197250771786e-06,0.00023678425876626317,7.644008541165505e-05,494,1.9051439915266868,9.659971209576595,6.112666425204642e-05,0.0006080058829158884,5.212443483231095e-05
196,24.5,solution_000196.vtu,3.393352675011633,18.203936415107943,13.320035916683036,2.2428829044706684e-05,7.240792422232602e-06,0.0002230910296401433,7.201997519673107e-05,494,1.9051429183298383,9.659966459288603,5.759166615983233e-05,0.0005728445949675738,4.911005167542613e-05
197,24.625,solution_000197.vtu,3.3933526316238307,18.20393636826945,13.320035831780897,2.113175879371876e-05,6.8220833099526145e-06,0.000210189653911449,6.785542452154009e-05,494,1.9051419071977713,9.659961983714364,5.426109526904524e-05,0.0005397166533614441,4.6269987720089834e-05
198,24.75,solution_000198.vtu,3.3933525907453026,18.20393632413972,13.320035751788744,1.9909696940970655e-05,6.4275844522045695e-06,0.00019803434310187158,6.393166108313468e-05,494,1.9051409545411933,9.659957766967178,5.112313010875708e-05,0.0005085044769308045,4.359416270139724e-05
199,24.875,solution_000199.vtu,3.393352552230923,18.20393628256209,13.32003567642263,1.8758306022749322e-05,6.055896232635136e-06,0.0001865819561011996,6.023476608318827e-05,494,1.9051400569783812,9.659953794079039,4.8166632815963855e-05,0.0004790972832225328,4.107307920885711e-05
200,25.0,solution_000200.vtu,3.393352515943963,18.203936243388974,13.320035605415029,1.767349937214376e-05,5.705699913865221e-06,0.0001757918461379619,5.6751624951540895e-05,494,1.9051392113231815,9.65995005094752,4.538110948596953e-05,0.000451390695394758,3.8697788990566896e-05
201,25.125,solution_000201.vtu,3.3933524817555987,18.20393620648131,13.320035538513887,1.6651426620012382e-05,5.375752980139602e-06,0.00016562571659594746,5.3469880924343474e-05,494,1.9051384145737,9.659946524285722,4.275667305224724e-05,0.00042528637195264884,3.645986120261086e-05
202,25.25,solution_000202.vtu,3.3933524495444596,18.20393617170809,13.320035475481724,1.568846003526906e-05,5.06488472366239e-06,0.00015604748515937497,5.0377891285137785e-05,494,1.9051376639016429,9.659943201575103,4.0284008163513305e-05,0.0004006916577798232,3.4351352500784e-05
203,25.375,solution_000203.vtu,3.393352419196193,18.203936138945874,13.320035416094793,1.4781181651499816e-05,4.771992101888128e-06,0.00014702315580635589,4.746468613630761e-05,494,1.905136956642282,9.659940071021067,3.7954338087221795e-05,0.00037751925541067497,3.2364778851746535e-05
204,25.5,solution_000204.vtu,3.3933523906030616,18.20393610807836,13.320035360142292,1.392637114230874e-05,4.496035828890965e-06,0.00013852069820457648,4.471992954301068e-05,494,1.9051362902849922,9.659937121511074,3.575939365637848e-05,0.0003556869152619089,3.0493088979431158e-05
205,25.625,solution_000205.vtu,3.393352363663558,18.20393607899597,13.320035307425602,1.3120994391677625e-05,4.236036690719421e-06,0.00013050993406935637,4.213388292381487e-05,494,1.9051356624643407,9.659934342575228,3.369138383509872e-05,0.00033511714378035346,2.8729639346169975e-05
206,25.75,solution_000206.vtu,3.3933523382820465,18.20393605159547,13.320035257757594,1.2362192729866491e-05,3.991072074014755e-06,0.0001229624300950772,3.9697370545656295e-05,494,1.9051350709516912,9.659931724349095,3.1742968114036415e-05,0.00031573692848238673,2.706817056921471e-05
207,25.875,solution_000207.vtu,3.393352314368422,18.20393602577959,13.320035210961962,1.164727278923623e-05,3.7602727000787244e-06,0.00011585139707176658,3.7401747013126e-05,494,1.905134513647293,9.6599292575387,2.9907230487472248e-05,0.0002974774788375137,2.550278522806462e-05
208,26.0,solution_000208.vtu,3.393352291837792,18.2039360014567,13.320035166872588,1.0973696947553815e-05,3.5428195362838025e-06,0.00010915159483375048,3.5238866635566414e-05,494,1.905133988572825,9.659926933387531,2.8177654825740023e-05,0.0002802739821753464,2.4027926915255602e-05
209,26.125,solution_000209.vtu,3.3933522706101713,18.203935978540446,13.320035125332968,1.0339074320626988e-05,3.3379409019803634e-06,0.00010283924269996735,3.3201054557425434e-05,494,1.9051334938643765,9.659924743645472,2.654810187017029e-05,0.00026406537370887744,2.263836053380285e-05
210,26.25,solution_000210.vtu,3.393352250610203,18.203935956949483,13.320035086195654,9.741152280571117e-06,3.1449097227781303e-06,9.68919350922582e-05,3.128107955655643e-05,494,1.905133027765829,9.659922680539509,2.5012787315749037e-05,0.00024879411976440915,2.132915371054723e-05
211,26.375,solution_000211.vtu,3.393352231766887,18.203935936607166,13.32003504932171,9.177808460144481e-06,2.963040957131044e-06,9.1288562031371e-05,2.947212841181211e-05,494,1.9051325886226231,9.659920736746136,2.3566261393960782e-05,0.00023440601369178544,2.0095659298765847e-05
212,26.5,solution_000212.vtu,3.3933522140133316,18.20393591744129,13.320035014580245,8.647043222018494e-06,2.791689170732723e-06,8.600923422688556e-05,2.776778175366454e-05,494,1.9051321748758843,9.659918905365375,2.2203389466574714e-05,0.00022084998342244072,1.893349887962433e-05
213,26.625,solution_000213.vtu,3.393352197286511,18.20393589938381,13.320034981847936,8.146972561031394e-06,2.6302462416426047e-06,8.103521249902934e-05,2.6161991304596643e-05,494,1.9051317850568907,9.659917179896269,2.091933382392288e-05,0.00020807791026092,1.783854722664415e-05
214,26.75,solution_000214.vtu,3.3933521815270455,18.20393588237063,13.320034951008589,7.675821419919382e-06,2.478139202982208e-06,7.634884128032053e-05,2.4649058433571554e-05,494,1.9051314177818588,9.65991555421382,1.9709536496507813e-05,0.00019604445809324393,1.6806917671050837e-05
215,26.875,solution_000215.vtu,3.3933521666789903,18.20393586634135,13.320034921952734,7.231917387784384e-06,2.334828220689902e-06,7.193348595985378e-05,2.3223613954188962e-05,494,1.9051310717470313,9.659914022547238,1.8569703119692983e-05,0.0001847069124834678,1.583494829134178e-05
216,27.0,solution_000216.vtu,3.393352152689636,18.20393585123908,13.320034894577228,6.813684766129283e-06,2.1998046668427362e-06,6.777347385031365e-05,2.188059908475311e-05,494,1.9051307457240494,9.659912579459466,1.7495787655875626e-05,0.00017402502912051203,1.4919188936370574e-05
217,27.125,solution_000217.vtu,3.393352139509321,18.203935837010206,13.320034868784893,6.419638975504117e-06,2.072589322676982e-06,6.385403856899744e-05,2.0615247505454088e-05,494,1.905130438555592,9.659911219827869,1.6483978038909156e-05,0.00016396089091493712,1.4056388966645389e-05
218,27.25,solution_000218.vtu,3.3933521270912563,18.20393582360421,13.320034844484171,6.04838128713912e-06,1.9527306756716175e-06,6.016126763220222e-05,1.942306845835122e-05,494,1.9051301491512684,9.659909938826061,1.55306826520592e-05,0.00015447877349143054,1.324348572733587e-05
219,27.375,solution_000219.vtu,3.393352115391359,18.203935810973512,13.320034821588806,5.698593858879032e-06,1.8398033219442861e-06,5.668205308120954e-05,1.829983082316751e-05,494,1.905129876483746,9.659908731906771,1.4632517594886593e-05,0.00014554501836570012,1.2477593671588588e-05
220,27.5,solution_000220.vtu,3.3933521043680943,18.20393579907327,13.320034800017517,5.369035057526708e-06,1.7334064526269908e-06,5.340404496134173e-05,1.7241548105064326e-05,494,1.905129619585105,9.659907594785702,1.3786294638507926e-05,0.0001371279134831683,1.1755994115668928e-05
221,27.625,solution_000221.vtu,3.393352093982332,18.203935787861244,13.320034779693735,5.058535051724164e-06,1.6331624317063218e-06,5.031560749164448e-05,1.6244464295130174e-05,494,1.9051293775434024,9.659906523426315,1.2989009918733499e-05,0.00012919758065281525,1.1076125601141052e-05
222,27.75,solution_000222.vtu,3.3933520841972027,18.20393577729763,13.320034760545312,4.765991661122212e-06,1.5387154633032152e-06,4.7405777768006796e-05,1.530504055545296e-05,494,1.905129149499434,9.659905514025516,1.22378333090553e-05,0.00012172586954265972,1.0435574790827166e-05
223,27.875,solution_000223.vtu,3.39335207497797,18.20393576734493,13.320034742504276,4.490366443603952e-06,1.4497303198006749e-06,4.4664226855035473e-05,1.4419942654565222e-05,494,1.9051289346436846,9.659904563000145,1.153009833131576e-05,0.00011468625772144567,9.832067915907373e-06
224,28.0,solution_000224.vtu,3.393352066291907,18.20393575796782,13.320034725506586,4.230681008187097e-06,1.365891159152466e-06,4.208122312479595e-05,1.3586029146876198e-05,494,1.9051287322134562,9.659903666974257,1.0863292719243995e-05,0.00010805375654189534,9.263462695808516e-06
225,28.125,solution_000225.vtu,3.3933520581081797,18.203935749133,13.320034709491903,3.986013545528206e-06,1.2869004029672147e-06,3.9647597719410264e-05,1.2800340227167473e-05,494,1.905128541490156,9.659902822767148,1.0235049489537066e-05,0.00010180482245080053,8.72774073641587e-06
226,28.25,solution_000226.vtu,3.3933520503977355,18.20393574080911,13.320034694403379,3.7554955528807074e-06,1.2124776767476882e-06,3.735471200697935e-05,1.2060087228244413e-05,494,1.9051283617967512,9.659902027382053,9.64313852687331e-06,9.591727340633083e-05,8.22300036912076e-06
227,28.375,solution_000227.vtu,3.3933520431332034,18.20393573296662,13.320034680187451,3.538308753315828e-06,1.1423588216488369e-06,3.519442692079138e-05,1.1362642727949693e-05,494,1.9051281924953631,9.659901277995514,9.085458695523801e-06,9.037021014021177e-05,7.747449893179797e-06
228,28.5,solution_000228.vtu,3.3933520362887966,18.20393572557767,13.320034666793656,3.333682191646662e-06,1.0762949517605974e-06,3.315907407210983e-05,1.0705531227083908e-05,494,1.9051280329850009,9.659900571947363,8.560030380635266e-06,8.514394200605146e-05,7.29940122966317e-06
229,28.625,solution_000229.vtu,3.393352029840216,18.203935718616034,13.32003465417445,3.1408894951591384e-06,1.0140515746942187e-06,3.124142853081113e-05,1.0086420370072313e-05,494,1.9051278826994311,9.659899906731264,8.06498842973215e-06,8.021991707614232e-05,6.877263917638623e-06
230,28.75,solution_000230.vtu,3.393352023764572,18.203935712057007,13.320034642285034,2.9592462987574787e-06,9.554077550915876e-07,2.9434683181997644e-05,9.503112661861111e-06,494,1.905127741105167,9.659899279985833,7.598575555395992e-06,7.558065626805396e-05,6.479539475442799e-06
231,28.875,solution_000231.vtu,3.3933520180402956,18.203935705877303,13.320034631083205,2.7881078144176997e-06,9.001553337744574e-07,2.7732424564840277e-05,8.953537675835248e-06,494,1.9051276076995733,9.659898689486246,7.159136115743537e-06,7.120969134112264e-05,6.1048160734539365e-06
232,29.0,solution_000232.vtu,3.393352012647067,18.20393570005498,13.320034620529201,2.626866542212901e-06,8.480981923339848e-07,2.6128610109543634e-05,8.435744709017067e-06,494,1.905127482009084,9.659898133136345,6.745110187940577e-06,6.709150640299695e-05,5.751763535552681e-06
233,29.125,solution_000233.vtu,3.3933520075657397,18.203935694569378,13.320034610585553,2.4749501135607453e-06,7.990515475899689e-07,2.4617546687054216e-05,7.947895853640069e-06,494,1.90512736358752,9.65989760896119,6.355028080784574e-06,6.321148285775388e-05,5.419128606757133e-06
234,29.25,solution_000234.vtu,3.393352002778277,18.203935689401014,13.320034601216966,2.331819261024402e-06,7.528413062307304e-07,2.31938704036112e-05,7.488259483123319e-06,494,1.9051272520145053,9.659897115100064,5.987505091986116e-06,5.9555847526344476e-05,5.105730508714888e-06
235,29.375,solution_000235.vtu,3.3933519982676836,18.20393568453155,13.320034592390181,2.1969659032707502e-06,7.093034391295899e-07,2.1852527561034294e-05,7.055204100604247e-06,494,1.9051271468939752,9.65989664979985,5.641236575375743e-06,5.611162372268965e-05,4.810456750867869e-06
236,29.5,solution_000236.vtu,3.3933519940179475,18.203935679943694,13.320034584073865,2.0699113416978648e-06,6.682834046786459e-07,2.0588756717714718e-05,6.647192553522441e-06,494,1.9051270478527698,9.65989621140882,5.314993387062056e-06,5.286658523469946e-05,4.532259177080902e-06
237,29.625,solution_000237.vtu,3.3933519900139832,18.203935675621164,13.320034576238498,1.9502045602725917e-06,6.296355954041034e-07,1.9398071788712696e-05,6.262776574232447e-06,494,1.9051269545393106,9.659895798370771,5.00761739045194e-06,4.980921286885371e-05,4.2701502448561425e-06
238,29.75,solution_000238.vtu,3.393351986241576,18.203935671548614,13.320034568856265,1.8374206269782539e-06,5.932228282133971e-07,1.827624612215697e-05,5.900591647354359e-06,494,1.9051268666223506,9.659895409219489,4.718017506983582e-06,4.692865364287434e-05,4.0231995249383035e-06
239,29.875,solution_000239.vtu,3.3933519826873355,18.20393566771159,13.32003456190096,1.7311591835235618e-06,5.58915848415112e-07,1.721929749589955e-05,5.559352161995098e-06,494,1.9051267837898007,9.659895042573567,4.445165691193137e-06,4.421468217302021e-05,3.7905303975792422e-06
240,30.0,solution_000240.vtu,3.393351979338644,18.203935664096466,13.320034555347895,1.6310430240644325e-06,5.265928793561773e-07,1.622347398186695e-05,5.2378468490173626e-06,494,1.9051267057476182,9.65989469713147,4.188093383432935e-06,4.16576644406164e-05,3.571316934168019e-06
241,30.125,solution_000241.vtu,3.3933519761836144,18.203935660690412,13.320034549173805,1.5367167575130764e-06,4.961391843093811e-07,1.52852406294728e-05,4.9349344857368336e-06,494,1.905126632218768,9.659894371666953,3.945888035106399e-06,3.924852357126252e-05,3.364780974758621e-06
242,30.25,solution_000242.vtu,3.3933519732110464,18.20393565748134,13.320034543356774,1.4478455467958778e-06,4.6744666286833184e-07,1.4401266918487397e-05,4.649539842374485e-06,494,1.9051265629422356,9.659894065024666,3.7176898445347103e-06,3.697870759264994e-05,3.170189356511172e-06
243,30.375,solution_000243.vtu,3.393351970410389,18.20393565445785,13.320034537876154,1.3641139148520002e-06,4.4041346564544263e-07,1.3568414932947464e-05,4.380649868890378e-06,494,1.9051264976721005,9.659893776116089,3.5026887842089024e-06,3.484015915244532e-05,2.986851320383393e-06
244,30.5,solution_000244.vtu,3.393351967771699,18.203935651609218,13.320034532712489,1.285224634133868e-06,4.1494363321291325e-07,1.2783728227938908e-05,4.12731009742468e-06,494,1.9051264361766647,9.659893503915649,3.3001216334414515e-06,3.2825286822686314e-05,2.8141160548827564e-06
245,30.625,solution_000245.vtu,3.3933519652856097,18.203935648925324,13.320034527847449,1.2108976622759785e-06,3.9094675456780745e-07,1.2044421332210686e-05,3.888621256588414e-06,494,1.9051263782376306,9.659893247457081,3.1092692976090763e-06,3.092693821841644e-05,2.6513703830363013e-06
246,30.75,solution_000246.vtu,3.3933519629432967,18.203935646396648,13.320034523263763,1.1408691541361244e-06,3.6833764767365125e-07,1.1347869861382143e-05,3.6637360760486927e-06,494,1.9051263236493245,9.659893005830005,2.9294543107060275e-06,2.9138374568154943e-05,2.498036590649474e-06
247,30.875,solution_000247.vtu,3.3933519607364437,18.20393564401421,13.32003451894516,1.074890521811792e-06,3.4703605692041475e-07,1.0691601201457775e-05,3.451856284554015e-06,494,1.9051262722179672,9.659892778176689,2.760038355390737e-06,2.7453246829359706e-05,2.3535703727550523e-06
248,31.0,solution_000248.vtu,3.3933519586572185,18.20393564176955,13.32003451487631,1.0127275547726017e-06,3.2696636812966754e-07,1.0073285733752573e-05,3.2522297733275225e-06,494,1.9051262237609865,9.659892563689004,2.6004200374886146e-06,2.5865573125686386e-05,2.217458899896467e-06
249,31.125,solution_000249.vtu,3.3933519566958013,18.2039356396636,13.32003451100542,9.540933714476883e-07,3.0791553765919204e-07,9.490660771103009e-06,3.064006124674089e-06,494,1.9051261781311153,9.659892360693206,2.450003720659867e-06,2.4369676514997654e-05,2.089604937235235e-06
250,31.25,solution_000250.vtu,3.393351954850602,18.20393563767036,13.32003450738892,8.988878084930641e-07,2.901466066752196e-07,8.94170294008898e-06,2.8867060682353255e-06,494,1.9051261351240585,9.65989216986574,2.3088272965544916e-06,2.296081278841938e-05,1.9690203468262557e-06
251,31.375,solution_000251.vtu,3.3933519531122265,18.203935635792657,13.320034503986653,8.469115564411904e-07,2.733963047172249e-07,8.424500579802034e-06,2.719688907018131e-06,494,1.905126094597628,9.65989199029949,2.17533659066599e-06,2.1633460491889216e-05,1.8553312121968434e-06
252,31.5,solution_000252.vtu,3.3933519514744566,18.203935634024155,13.320034500782201,7.979401086213249e-07,2.5760274514605366e-07,7.937216059464257e-06,2.562348018884441e-06,494,1.905126056412855,9.65989182123887,2.0494256576817887e-06,2.0382764306856007e-05,1.7481577467459231e-06
253,31.625,solution_000253.vtu,3.3933519499314544,18.20393563235812,13.320034497763736,7.517988315215827e-07,2.427165746347908e-07,7.478117230419779e-06,2.4141178389101835e-06,494,1.9051260204361975,9.659891662021789,1.930769065422455e-06,1.920426372697704e-05,1.6471378119469143e-06
254,31.75,solution_000254.vtu,3.393351948477721,18.20393563078839,13.320034494920431,7.083244908267638e-07,2.2868820225874544e-07,7.045572563570128e-06,2.2744683934540114e-06,494,1.9051259865405497,9.659891512049672,1.8189872921422528e-06,1.809379629986442e-05,1.5519280470652039e-06
255,31.875,solution_000255.vtu,3.393351947108079,18.203935629309342,13.320034492241996,6.673633895267345e-07,2.1546920170391955e-07,6.638045422305306e-06,2.1429015382465295e-06,494,1.90512595460565,9.659891370771769,1.7136942470621828e-06,1.7047451769678756e-05,1.462202398084032e-06
256,32.0,solution_000256.vtu,3.393351945817652,18.203935627915715,13.320034489718696,6.287706233195786e-07,2.0301330206620653e-07,6.254088476702795e-06,2.0189484722668907e-06,494,1.9051259245180359,9.65989123767632,1.6145148311814271e-06,1.6061546149462495e-05,1.3776509771589778e-06
257,32.125,solution_000257.vtu,3.3933519446018425,18.203935626602586,13.3200344873414,5.92409548154316e-07,1.9127668066741588e-07,5.8924060627865555e-06,1.9023096169603703e-06,494,1.905125896170779,9.659891112285091,1.52109171322047e-06,1.5132644715418839e-05,1.2975935656622486e-06
258,32.25,solution_000258.vtu,3.393351943456323,18.203935625365315,13.320034485101557,5.581513113244151e-07,1.8021796885818122e-07,5.551669737879974e-06,1.7923809794130248e-06,494,1.9051258694631452,9.65989099414965,1.4330876148509541e-06,1.4256906991722821e-05,1.222284343624478e-06
259,32.375,solution_000259.vtu,3.3933519423770173,18.20393562419953,13.320034482991154,5.258744127232062e-07,1.6979814309048873e-07,5.230632646909962e-06,1.6887828181725537e-06,494,1.9051258443002403,9.659890882848648,1.3501852997366092e-06,1.3431756132929856e-05,1.151404387369146e-06
260,32.5,solution_000260.vtu,3.393351941360088,18.20393562310111,13.320034481002681,4.954643029159255e-07,1.599804054575216e-07,4.92815686515622e-06,1.5911604785365794e-06,494,1.9051258205926713,9.659890777985716,1.2720867264355888e-06,1.2654417293095352e-05,1.0846801008825041e-06
261,32.625,solution_000261.vtu,3.393351940401924,18.203935622066165,13.320034479129077,4.6681300682460344e-07,1.5073005837895775e-07,4.643171053814255e-06,1.4991739621608532e-06,494,1.905125798256224,9.659890679187773,1.1985117377487032e-06,1.1922159968543251e-05,1.021857620336087e-06
262,32.75,solution_000262.vtu,3.393351939499124,18.203935621091038,13.320034477363702,4.3981876377797074e-07,1.4201438464035326e-07,4.374665335189981e-06,1.41250014439218e-06,494,1.9051257772115626,9.659890586103526,1.1291969882820067e-06,1.1232369638628249e-05,9.626996200507445e-07
263,32.875,solution_000263.vtu,3.3933519386484856,18.20393562017227,13.320034475700309,4.1438569089794723e-07,1.3380253498507915e-07,4.121687642284522e-06,1.3308334775417803e-06,494,1.9051257573839486,9.659890498402158,1.0638946695694502e-06,1.058257002366964e-05,9.069848157675624e-07
264,33.0,solution_000264.vtu,3.3933519378469956,18.20393561930661,13.320034474133012,3.904234540108535e-07,1.260654258159452e-07,3.883340477031652e-06,1.2538856011950932e-06,494,1.905125738702972,9.659890415772105,1.0023716496469035e-06,9.970426801076063e-06,8.545072308885642e-07
265,33.125,solution_000265.vtu,3.3933519370918135,18.20393561849099,13.320034472656264,3.6784695317314276e-07,1.1877563957058338e-07,3.658777884994216e-06,1.1813845600519258e-06,494,1.9051257211023016,9.659890337919924,9.444084886289079e-07,9.393743535879291e-06,8.05074937269231e-07
266,33.25,solution_000266.vtu,3.393351936380267,18.203935617722525,13.320034471264844,3.465760218154367e-07,1.1190732986946233e-07,3.4472025976549295e-06,1.1130739210814873e-06,494,1.9051257045194478,9.659890264569214,8.897985981036209e-07,8.850454480949992e-06,7.585086332903354e-07
267,33.375,solution_000267.vtu,3.3933519357098354,18.203935616998482,13.320034469953823,3.2653514037908574e-07,1.0543613911221542e-07,3.247863326930571e-06,1.0487119171906194e-06,494,1.9051256888955381,9.659890195459626,8.383475549149667e-07,8.33861670116411e-06,7.146403950585195e-07
268,33.5,solution_000268.vtu,3.3933519350781487,18.203935616316315,13.320034468718575,3.07653167281431e-07,9.93391041680864e-08,3.060052192522561e-06,9.880706160440386e-07,494,1.9051256741751137,9.659890130345909,7.898721409028233e-07,7.856402084061607e-06,6.733126291804191e-07
269,33.625,solution_000269.vtu,3.393351934482964,18.203935615673572,13.320034467554708,2.8986307532485234e-07,9.359460247278602e-08,2.8831022619660792e-06,9.309351603049874e-07,494,1.9051256603059161,9.659890068997017,7.442002249615956e-07,7.402090542989296e-06,6.343772716486209e-07
270,33.75,solution_000270.vtu,3.3933519339221805,18.203935615068005,13.32003446645812,2.7310172346811835e-07,8.818223964952251e-08,2.7163852223959023e-06,8.771030154660961e-07,494,1.9051256472387212,9.65989001119529,7.011692020852963e-07,6.9740627315491495e-06,5.976950887597296e-07
271,33.875,solution_000271.vtu,3.3933519333938085,18.203935614497446,13.320034465424914,2.5730961672953963e-07,8.308282203987922e-08,2.55930914881888e-06,8.263833026238163e-07,494,1.9051256349271448,9.659889956735656,6.606264671176963e-07,6.570794506616517e-06,5.631351263391412e-07
272,34.0,solution_000272.vtu,3.393351932895977,18.203935613959874,13.320034464451435,2.4243070594055856e-07,7.827825094487518e-08,2.4113164012310886e-06,7.785961277891724e-07,494,1.9051256233274907,9.659889905424901,6.224279247352155e-07,6.190850761700951e-06,5.305741658082576e-07
273,34.125,solution_000273.vtu,3.393351932426923,18.20393561345339,13.320034463534231,2.284121825702466e-07,7.375148087537111e-08,2.2718816310293846e-06,7.335719690669472e-07,494,1.9051256123985878,9.65988985708099,5.864379973087844e-07,5.8328802525856534e-06,4.998962582337924e-07
274,34.25,solution_000274.vtu,3.393351931984983,18.203935612976192,13.320034462670051,2.1520428966482516e-07,6.948645496170368e-08,2.1405098992180925e-06,6.911510940884161e-07,494,1.905125602101649,9.659889811532405,5.525289746097229e-07,5.49561061326105e-06,4.709922808065016e-07
275,34.375,solution_000275.vtu,3.3933519315685916,18.203935612526582,13.320034461855835,2.0276014980170187e-07,6.546804282847057e-08,2.016734908931914e-06,6.511829977176631e-07,494,1.905125592400128,9.659889768617534,5.205805243327617e-07,5.177843568595055e-06,4.4375950467230805e-07
276,34.5,solution_000276.vtu,3.3933519311762734,18.203935612102974,13.320034461088694,1.9103559645778743e-07,6.168199198721498e-08,1.9001173383617424e-06,6.135258854596405e-07,494,1.905125583259594,9.659889728184114,4.904792962827544e-07,4.878450711442371e-06,4.181012211158117e-07
277,34.625,solution_000277.vtu,3.3933519308066367,18.20393561170386,13.320034460365907,1.7998901631790072e-07,5.8114869310958106e-08,1.7902432795772108e-06,5.780461522484066e-07,494,1.9051255746476063,9.659889690088676,4.6211848127397064e-07,4.596368956605666e-06,3.9392634517292094e-07
278,34.75,solution_000278.vtu,3.393351930458371,18.20393561132782,13.32003445968491,1.6958120447102003e-07,5.475402511304958e-08,1.6867227607769372e-06,5.4461793769763e-07,494,1.905125566533601,9.659889654196041,4.3539748876699907e-07,4.3305972333682324e-06,3.711491095531448e-07
279,34.875,solution_000279.vtu,3.3933519301302413,18.203935610973534,13.320034459043288,1.5977522293379056e-07,5.158753289463668e-08,1.5891883671556004e-06,5.131226485709583e-07,494,1.9051255588887828,9.659889620378847,4.1022148450630247e-07,4.080192241935223e-06,3.4968870603709175e-07
280,35.0,solution_000280.vtu,3.3933519298210832,18.20393561063973,13.320034458438768,1.5053626944237727e-07,4.8604161382205444e-08,1.497293930811659e-06,4.834485590511717e-07,494,1.9051255516860195,9.65988958851709,3.865011895208068e-07,3.844265498877409e-06,3.2946902535242315e-07
281,35.125,solution_000281.vtu,3.393351929529801,18.203935610325228,13.3200344578692,1.4183155606566573e-07,4.579332371916127e-08,1.410713304442652e-06,4.5549040195129835e-07,494,1.9051255448997488,9.659889558497703,3.641524111805069e-07,3.6219799057771367e-06,3.1041835495301266e-07
282,35.25,solution_000282.vtu,3.3933519292553607,18.20393561002891,13.320034457332564,1.3363018991082563e-07,4.314504676944731e-08,1.329139204806598e-06,4.291489938185403e-07,494,1.9051255385058887,9.659889530214162,3.430958656398382e-07,3.4125467906116286e-06,2.9246912717235774e-07
283,35.375,solution_000283.vtu,3.3933519289967884,18.203935609749728,13.320034456826964,1.2590306484233078e-07,4.06499299597555e-08,1.2522821199484943e-06,4.0433088100468186e-07,494,1.9051255324817467,9.659889503566088,3.2325686036988e-07,3.2152231211444476e-06,2.755576855198822e-07
284,35.5,solution_000284.vtu,3.393351928753168,18.203935609486688,13.320034456350594,1.1862275905253682e-07,3.829911813503392e-08,1.1798692826289248e-06,3.8094800719804107e-07,494,1.9051255268059446,9.659889478458917,3.0456497704862887e-07,3.029308797021157e-06,2.59624042185045e-07
285,35.625,solution_000285.vtu,3.3933519285236327,18.203935609238858,13.320034455901771,1.1176343508389085e-07,3.60842675839523e-08,1.1116437014663201e-06,3.5891740550551985e-07,494,1.9051255214583394,9.659889454803547,2.869539132047742e-07,2.854144224609847e-06,2.446116826753412e-07
286,35.75,solution_000286.vtu,3.393351928307371,18.203935609005363,13.3200344554789,1.0530075003161854e-07,3.399751560143988e-08,1.0473632470855665e-06,3.3816089601771906e-07,494,1.9051255164199539,9.65988943251603,2.7036116767085586e-07,2.68910789965797e-06,2.3046734660094738e-07
287,35.875,solution_000287.vtu,3.3933519281036135,18.203935608785365,13.320034455080483,9.921176879551198e-08,3.20314527920818e-08,9.867997929948924e-07,3.1860481593001195e-07,494,1.9051255116729082,9.65988941151727,2.547278610435595e-07,2.5336142727715664e-06,2.1714086054563837e-07
288,36.0,solution_000288.vtu,3.3933519279116386,18.203935608578092,13.320034454705103,9.347488244656487e-08,3.0179098345073765e-08,9.297384060373539e-07,3.0017975290091894e-07,494,1.9051255072003557,9.659889391732747,2.3999850542066373e-07,2.3871115856316502e-06,2.045849370301071e-07
289,36.125,solution_000289.vtu,3.393351927730763,18.2039356083828,13.320034454351427,8.8069731048148e-08,2.843387762026375e-08,8.759765810504524e-07,2.828203068054583e-07,494,1.9051255029864234,9.659889373092245,2.2612088651584124e-07,2.24908005826812e-06,1.9275503073155317e-07
290,36.25,solution_000290.vtu,3.393351927560347,18.2039356081988,13.320034454018206,8.297713275988888e-08,2.67895895879388e-08,8.253235239240353e-07,2.664648496246252e-07,494,1.9051254990161577,9.65988935552962,2.1304566307019726e-07,2.1190298533022994e-06,1.8160916689804293e-07
291,36.375,solution_000291.vtu,3.393351927399785,18.203935608025443,13.32003445370425,7.817901325754682e-08,2.5240401293367868e-08,7.775994723589884e-07,2.5105532095754046e-07,494,1.9051254952754684,9.659889338982536,2.007265416588616e-07,1.996499532463903e-06,1.7110779128758021e-07
292,36.5,solution_000292.vtu,3.393351927248507,18.20393560786211,13.32003445340845,7.365834536112837e-08,2.3780808505375135e-08,7.326350586836457e-07,2.3653701132673355e-07,494,1.905125491751081,9.659889323392273,1.8911974250305258e-07,1.881054296029581e-06,1.6121364444555842e-07
293,36.625,solution_000293.vtu,3.393351927105976,18.20393560770822,13.320034453129756,6.939908480373281e-08,2.2405628444583013e-08,6.902707084167582e-07,2.2285837218630746e-07,494,1.9051254884304871,9.659889308703503,1.7818408529512933e-07,1.7722844664430575e-06,1.5189161349831834e-07
294,36.75,solution_000294.vtu,3.393351926971687,18.20393560756323,13.320034452867173,6.538611622175377e-08,2.11099797412392e-08,6.50356074618037e-07,2.0997083632539402e-07,494,1.905125485301904,9.659889294864099,1.6788077553846398e-07,1.6698040728219087e-06,1.4310861846437814e-07
295,36.875,solution_000295.vtu,3.3933519268451637,18.203935607426622,13.320034452619778,6.160519742866798e-08,1.9889260056041437e-08,6.12749503260709e-07,1.9782864358904547e-07,494,1.9051254823542283,9.659889281824947,1.581732225540413e-07,1.5732494330106437e-06,1.3483348907886356e-07
296,37.0,solution_000296.vtu,3.393351926725955,18.203935607297915,13.320034452386684,5.804290974965783e-08,1.8739137291318947e-08,5.773175305720415e-07,1.863886825353565e-07,494,1.9051254795769987,9.659889269539772,1.4902702743494384e-07,1.4822779538514644e-06,1.2703686557897374e-07
297,37.125,solution_000297.vtu,3.393351926613641,18.20393560717665,13.320034452167071,5.4686611707681486e-08,1.7655525786108935e-08,5.439344112387815e-07,1.7561033070153058e-07,494,1.9051254769603605,9.659889257964975,1.4040966792899798e-07,1.3965667342228102e-06,1.196910711693584e-07
298,37.25,solution_000298.vtu,3.39335192650782,18.203935607062398,13.320034451960158,5.152439029574226e-08,1.6634580770119244e-08,5.124816687809889e-07,1.6545532188421435e-07,494,1.9051254744950263,9.659889247059482,1.3229062749399343e-07,1.315811697721693e-06,1.1277004227854609e-07
299,37.375,solution_000299.vtu,3.3933519264081187,18.20393560695475,13.320034451765208,4.854502439377853e-08,1.567267564301063e-08,4.828476799228362e-07,1.558875962344377e-07,494,1.9051254721722488,9.659889236784588,1.246410329547275e-07,1.239726188196432e-06,1.0624921544632589e-07
300,37.5,solution_000300.vtu,3.3933519263141823,18.203935606853328,13.320034451581533,4.573793945358938e-08,1.4766397381060266e-08,4.5492727402026174e-07,1.4687318511071438e-07,494,1.9051254699837834,9.659889227103832,1.174337941108663e-07,1.168040239075265e-06,1.0010544889912201e-07
